"Reference","Value","Datasheet","Footprint","Qty","DNP"
"C1,C2","47p","~","Capacitor_SMD:C_0402_1005Metric","2",""
"C3,C4,C5,C7,C8,C9,C10,C11,C12,C18,C21,C22,C23,C24,C25,C26,C27,C28,C29,C30","100n","~","-- mixed values --","20",""
"C6,C15","4.7u","~","-- mixed values --","2",""
"C13,C14,C19,C20","1u","~","-- mixed values --","4",""
"C16,C17","10p","~","Capacitor_SMD:C_0402_1005Metric","2",""
"D1","DN_TVS","~","Diode_SMD:D_SOD-323","1",""
"D2","DP_TVS","~","Diode_SMD:D_SOD-323","1",""
"D3","D_TVS_Small","~","Diode_SMD:D_SOD-323","1",""
"D4","BAT_RP","~","Diode_SMD:D_0805_2012Metric","1",""
"D5","VBUS_RP","~","Diode_SMD:D_0805_2012Metric","1",""
"D6","HEARTBEAT","~","LED_SMD:LED_0603_1608Metric","1",""
"D7","MCU_LED","~","LED_SMD:LED_0603_1608Metric","1",""
"D8","RFM_ON","~","LED_SMD:LED_0603_1608Metric","1",""
"F1","VBUS_FUSE","~","Fuse:Fuse_0805_2012Metric","1",""
"J1","Conn_01x05_Pin","~","Connector_PinHeader_2.54mm:PinHeader_1x05_P2.54mm_Vertical","1",""
"J2","UART","~","project_library:CONN5_USB1734035_NP_TEC","1",""
"J3","GSB1C411101DS1HR","","project_library:AMPHENOL_GSB1C411101DS1HR","1",""
"J4","Conn_01x02_Socket","~","Connector_PinHeader_2.54mm:PinHeader_1x02_P2.54mm_Vertical","1",""
"J5","Conn_01x08_Socket","~","Connector_PinSocket_2.54mm:PinSocket_1x08_P2.54mm_Vertical","1",""
"J6","Conn_01x04_Socket","~","Connector_PinSocket_2.54mm:PinSocket_1x04_P2.54mm_Vertical","1",""
"J7,J8","Conn_01x09_Socket","~","Connector_PinSocket_2.54mm:PinSocket_1x09_P2.54mm_Vertical","2",""
"JP2","Jumper_2_Bridged","~","Connector_PinHeader_2.54mm:PinHeader_1x02_P2.54mm_Vertical","1",""
"L1,L2","120R","~","Inductor_SMD:L_0603_1608Metric","2",""
"Q1","PMOS","https://ngspice.sourceforge.io/docs/ngspice-html-manual/manual.xhtml#cha_MOSFETs","Package_TO_SOT_SMD:TSOT-23_HandSoldering","1",""
"R1,R4","5k","~","Resistor_SMD:R_0805_2012Metric","2",""
"R2,R3","47","~","Resistor_SMD:R_0805_2012Metric","2",""
"R5,R16,R24,R25","10k","~","-- mixed values --","4",""
"R6,R7,R17","660","~","Resistor_SMD:R_0805_2012Metric","3",""
"R8,R9","100k","~","Resistor_SMD:R_0805_2012Metric","2",""
"R10,R13,R14,R15,R18,R19,R20,R21,R22,R23","4.7K","~","Resistor_SMD:R_0805_2012Metric","10",""
"R11","2.2k","~","Resistor_SMD:R_0805_2012Metric","1",""
"R12","1.2k","~","Resistor_SMD:R_0805_2012Metric","1",""
"SW1,SW2,SW3,SW4,SW5","RST_BTN","~","project_library:SW_1825910-6-4","5",""
"SW6","ENC1","~","Rotary_Encoder:RotaryEncoder_Alps_EC11E-Switch_Vertical_H20mm","1",""
"SW7","ENC2","~","Rotary_Encoder:RotaryEncoder_Alps_EC11E-Switch_Vertical_H20mm","1",""
"U1","STM32F411RETx","https://www.st.com/resource/en/datasheet/stm32f411re.pdf","Package_QFP:LQFP-64_10x10mm_P0.5mm","1",""
"U2","TC1262-33","http://ww1.microchip.com/downloads/en/DeviceDoc/21373C.pdf","Package_TO_SOT_SMD:SOT-223-3_TabPin2","1",""
"U3,U4","SN74ALVC14PWR","SN74ALVC14PWR","SN74ALVC14PWR:PW14","2",""
"U5","FT230XS","https://www.ftdichip.com/Support/Documents/DataSheets/ICs/DS_FT230X.pdf","Package_SO:SSOP-16_3.9x4.9mm_P0.635mm","1",""
"X1","8MHZ","~","project_library:SMD_ECS-80-10-3M-TR_ECS","1",""
